<?xml version="1.0" encoding="UTF-8" ?>
<!DOCTYPE mapper PUBLIC "-//mybatis.org//DTD Mapper 3.0//EN" "http://mybatis.org/dtd/mybatis-3-mapper.dtd">
<mapper namespace="com.ut.masterCode.mapper.primary.UserMapper">

  <resultMap id="User" type="com.ut.masterCode.model.Users.User">

  </resultMap>

  <resultMap id="UserGroupList" type="com.ut.masterCode.model.Users.UserGroupList">

  </resultMap>

  <resultMap id="UserResponse" type="com.ut.masterCode.model.response.User.UserResponse">

  </resultMap>

  <resultMap id="UserBilling" type="com.ut.masterCode.model.Users.UserBilling">

  </resultMap>

</mapper>