<?xml version="1.0" encoding="UTF-8" ?>
<!DOCTYPE mapper PUBLIC "-//mybatis.org//DTD Mapper 3.0//EN" "http://mybatis.org/dtd/mybatis-3-mapper.dtd">
<mapper namespace="com.ut.masterCode.mapper.primary.ProductMapper">

    <insert id="insert" >
        INSERT INTO products(name,
                               photo,
                               description,
                               created,
                               created_by,
                               is_active)
                    VALUES(#{product.name},
                        #{product.photo},
                        #{product.description},
                        NOW(),
                        #{product.createdBy},
                        #{product.isActive})
    </insert>

    <delete id="delete" parameterType="java.lang.Long">
        UPDATE products SET
                             modified = NOW(),
                             modified_by = 1,
                             is_active = 2
        WHERE id = #{id}
    </delete>

    <select id="checkDuplicate" resultType="Long">
        SELECT COUNT(id)
        FROM products
        WHERE is_active=1 AND name = #{name}
    </select>

    <select id="checkDuplicateUpdate" resultType="java.lang.Long">
        SELECT COUNT(id)
        FROM products
        WHERE is_active = 1 AND name = #{updateName}
        <if test="id != null"> AND id != #{id} </if>
    </select>

    <update id="update">
        UPDATE products SET
        <if test="product.id != null">id = #{product.id},</if>
        <if test="product.name != null">name = #{product.name},</if>
        <if test="product.photo != null">photo = #{product.photo},</if>
        <if test="product.description != null">description = #{product.description},</if>
        modified = NOW(),
        modified_by = #{product.modifiedBy}
        WHERE id = #{product.id}
    </update>

    <select id="list" resultMap="ProductResponse">
        SELECT * FROM products ORDER BY id ASC
        LIMIT #{filter.page}, #{filter.rowsPerPage}
    </select>

    <select id="getOne" resultMap="ProductResponse">
        SELECT * FROM products WHERE id=#{id} ORDER BY id ASC
    </select>

    <select id="checkTotal" resultType="Long">
        SELECT COUNT(id) FROM products
    </select>

</mapper>